{
    "nested": {
        "Transaction": {
            "fields": {
                "execer": {
                    "type": "bytes",
                    "id": 1
                },
                "payload": {
                    "type": "bytes",
                    "id": 2
                },
                "signature": {
                    "type": "Signature",
                    "id": 3
                },
                "fee": {
                    "type": "int64",
                    "id": 4
                },
                "expire": {
                    "type": "int64",
                    "id": 5
                },
                "nonce": {
                    "type": "int64",
                    "id": 6
                },
                "to": {
                    "type": "string",
                    "id": 7
                },
                "groupCount": {
                    "type": "int32",
                    "id": 8
                },
                "header": {
                    "type": "bytes",
                    "id": 9
                },
                "next": {
                    "type": "bytes",
                    "id": 10
                }
            }
        },
        "Signature": {
            "fields": {
                "ty": {
                    "type": "int32",
                    "id": 1
                },
                "pubkey": {
                    "type": "bytes",
                    "id": 2
                },
                "signature": {
                    "type": "bytes",
                    "id": 3
                }
            }
        },
        "Transactions": {
            "fields": {
                "txs": {
                    "rule": "repeated",
                    "type": "Transaction",
                    "id": 1
                }
            }
        },
        "CoinsActions": {
            "fields": {
                "txs": {
                    "rule": "repeated",
                    "type": "CoinsAction",
                    "id": 1
                }
            }
        },
        "CoinsAction": {
            "oneofs": {
                "value": {
                    "oneof": [
                        "transfer",
                        "withdraw",
                        "genesis",
                        "transferToExec"
                    ]
                }
            },
            "fields": {
                "ty": {
                    "type": "int32",
                    "id": 3
                },
                "transfer": {
                    "type": "AssetsTransfer",
                    "id": 1
                },
                "withdraw": {
                    "type": "AssetsWithdraw",
                    "id": 4
                },
                "genesis": {
                    "type": "AssetsGenesis",
                    "id": 2
                },
                "transferToExec": {
                    "type": "AssetsTransferToExec",
                    "id": 5
                }
            }
        },
        "AssetsGenesis": {
            "fields": {
                "amount": {
                    "type": "int64",
                    "id": 2
                },
                "returnAddress": {
                    "type": "string",
                    "id": 3
                }
            }
        },
        "AssetsTransfer": {
            "fields": {
                "cointoken": {
                    "type": "string",
                    "id": 1
                },
                "amount": {
                    "type": "int64",
                    "id": 2
                },
                "note": {
                    "type": "bytes",
                    "id": 3
                },
                "to": {
                    "type": "string",
                    "id": 4
                }
            }
        },
        "AssetsWithdraw": {
            "fields": {
                "cointoken": {
                    "type": "string",
                    "id": 1
                },
                "amount": {
                    "type": "int64",
                    "id": 2
                },
                "note": {
                    "type": "bytes",
                    "id": 3
                },
                "execName": {
                    "type": "string",
                    "id": 4
                },
                "to": {
                    "type": "string",
                    "id": 5
                }
            }
        },
        "AssetsTransferToExec": {
            "fields": {
                "cointoken": {
                    "type": "string",
                    "id": 1
                },
                "amount": {
                    "type": "int64",
                    "id": 2
                },
                "note": {
                    "type": "bytes",
                    "id": 3
                },
                "execName": {
                    "type": "string",
                    "id": 4
                },
                "to": {
                    "type": "string",
                    "id": 5
                }
            }
        }
    }
}